﻿{"ous":[{"Properties":{"highvalue":false,"name":"DOMAIN CONTROLLERS@MEGACORP.LOCAL","domain":"MEGACORP.LOCAL","objectid":"5EC659D9-204C-44B5-9FBA-18B0B9900353","distinguishedname":"OU=Domain Controllers,DC=MEGACORP,DC=LOCAL","description":"Default container for domain controllers","blocksinheritance":false},"Links":[{"IsEnforced":false,"Guid":"02BA3152-3C08-4399-8BF5-50BF10954D29"}],"ACLProtected":false,"Users":[],"Computers":["S-1-5-21-1035856440-4137329016-3276773158-1000"],"ChildOus":[],"RemoteDesktopUsers":[],"LocalAdmins":[],"DcomUsers":[],"PSRemoteUsers":[],"ObjectIdentifier":"5EC659D9-204C-44B5-9FBA-18B0B9900353","Aces":[{"PrincipalSID":"S-1-5-21-1035856440-4137329016-3276773158-512","PrincipalType":"Group","RightName":"Owner","AceType":"","IsInherited":false},{"PrincipalSID":"S-1-5-21-1035856440-4137329016-3276773158-512","PrincipalType":"Group","RightName":"WriteDacl","AceType":"","IsInherited":false},{"PrincipalSID":"S-1-5-21-1035856440-4137329016-3276773158-512","PrincipalType":"Group","RightName":"WriteOwner","AceType":"","IsInherited":false},{"PrincipalSID":"S-1-5-21-1035856440-4137329016-3276773158-519","PrincipalType":"Group","RightName":"GenericAll","AceType":"","IsInherited":true},{"PrincipalSID":"S-1-5-21-1035856440-4137329016-3276773158-1104","PrincipalType":"User","RightName":"GenericAll","AceType":"","IsInherited":true},{"PrincipalSID":"MEGACORP.LOCAL-S-1-5-32-544","PrincipalType":"Group","RightName":"WriteDacl","AceType":"","IsInherited":true},{"PrincipalSID":"MEGACORP.LOCAL-S-1-5-32-544","PrincipalType":"Group","RightName":"WriteOwner","AceType":"","IsInherited":true}]}],"meta":{"count":1,"type":"ous","version":3}}