﻿{"gpos":[{"Properties":{"highvalue":false,"name":"DEFAULT DOMAIN POLICY@MEGACORP.LOCAL","domain":"MEGACORP.LOCAL","objectid":"7FD36E4A-F9FA-45AB-A3E4-C8603836717F","distinguishedname":"CN={31B2F340-016D-11D2-945F-00C04FB984F9},CN=Policies,CN=System,DC=MEGACORP,DC=LOCAL","description":null,"gpcpath":"\\\\MEGACORP.LOCAL\\sysvol\\MEGACORP.LOCAL\\Policies\\{31B2F340-016D-11D2-945F-00C04FB984F9}"},"ObjectIdentifier":"7FD36E4A-F9FA-45AB-A3E4-C8603836717F","Aces":[{"PrincipalSID":"S-1-5-21-1035856440-4137329016-3276773158-512","PrincipalType":"Group","RightName":"Owner","AceType":"","IsInherited":false},{"PrincipalSID":"S-1-5-21-1035856440-4137329016-3276773158-512","PrincipalType":"Group","RightName":"WriteDacl","AceType":"","IsInherited":false},{"PrincipalSID":"S-1-5-21-1035856440-4137329016-3276773158-512","PrincipalType":"Group","RightName":"WriteOwner","AceType":"","IsInherited":false},{"PrincipalSID":"S-1-5-21-1035856440-4137329016-3276773158-512","PrincipalType":"Group","RightName":"GenericWrite","AceType":"","IsInherited":false},{"PrincipalSID":"S-1-5-21-1035856440-4137329016-3276773158-512","PrincipalType":"Group","RightName":"WriteDacl","AceType":"","IsInherited":false},{"PrincipalSID":"S-1-5-21-1035856440-4137329016-3276773158-512","PrincipalType":"Group","RightName":"WriteOwner","AceType":"","IsInherited":false},{"PrincipalSID":"S-1-5-21-1035856440-4137329016-3276773158-512","PrincipalType":"Group","RightName":"GenericWrite","AceType":"","IsInherited":false},{"PrincipalSID":"S-1-5-21-1035856440-4137329016-3276773158-519","PrincipalType":"Group","RightName":"WriteDacl","AceType":"","IsInherited":false},{"PrincipalSID":"S-1-5-21-1035856440-4137329016-3276773158-519","PrincipalType":"Group","RightName":"WriteOwner","AceType":"","IsInherited":false},{"PrincipalSID":"S-1-5-21-1035856440-4137329016-3276773158-519","PrincipalType":"Group","RightName":"GenericWrite","AceType":"","IsInherited":false}]},{"Properties":{"highvalue":false,"name":"DEFAULT DOMAIN CONTROLLERS POLICY@MEGACORP.LOCAL","domain":"MEGACORP.LOCAL","objectid":"02BA3152-3C08-4399-8BF5-50BF10954D29","distinguishedname":"CN={6AC1786C-016F-11D2-945F-00C04fB984F9},CN=Policies,CN=System,DC=MEGACORP,DC=LOCAL","description":null,"gpcpath":"\\\\MEGACORP.LOCAL\\sysvol\\MEGACORP.LOCAL\\Policies\\{6AC1786C-016F-11D2-945F-00C04fB984F9}"},"ObjectIdentifier":"02BA3152-3C08-4399-8BF5-50BF10954D29","Aces":[{"PrincipalSID":"S-1-5-21-1035856440-4137329016-3276773158-512","PrincipalType":"Group","RightName":"Owner","AceType":"","IsInherited":false},{"PrincipalSID":"S-1-5-21-1035856440-4137329016-3276773158-512","PrincipalType":"Group","RightName":"WriteDacl","AceType":"","IsInherited":false},{"PrincipalSID":"S-1-5-21-1035856440-4137329016-3276773158-512","PrincipalType":"Group","RightName":"WriteOwner","AceType":"","IsInherited":false},{"PrincipalSID":"S-1-5-21-1035856440-4137329016-3276773158-512","PrincipalType":"Group","RightName":"GenericWrite","AceType":"","IsInherited":false},{"PrincipalSID":"S-1-5-21-1035856440-4137329016-3276773158-512","PrincipalType":"Group","RightName":"WriteDacl","AceType":"","IsInherited":false},{"PrincipalSID":"S-1-5-21-1035856440-4137329016-3276773158-512","PrincipalType":"Group","RightName":"WriteOwner","AceType":"","IsInherited":false},{"PrincipalSID":"S-1-5-21-1035856440-4137329016-3276773158-512","PrincipalType":"Group","RightName":"GenericWrite","AceType":"","IsInherited":false},{"PrincipalSID":"S-1-5-21-1035856440-4137329016-3276773158-519","PrincipalType":"Group","RightName":"WriteDacl","AceType":"","IsInherited":false},{"PrincipalSID":"S-1-5-21-1035856440-4137329016-3276773158-519","PrincipalType":"Group","RightName":"WriteOwner","AceType":"","IsInherited":false},{"PrincipalSID":"S-1-5-21-1035856440-4137329016-3276773158-519","PrincipalType":"Group","RightName":"GenericWrite","AceType":"","IsInherited":false}]}],"meta":{"count":2,"type":"gpos","version":3}}