﻿{"domains":[{"Properties":{"highvalue":true,"name":"MEGACORP.LOCAL","domain":"MEGACORP.LOCAL","objectid":"S-1-5-21-1035856440-4137329016-3276773158","distinguishedname":"DC=MEGACORP,DC=LOCAL","description":null,"functionallevel":"2016"},"Users":["S-1-5-21-1035856440-4137329016-3276773158-500","S-1-5-21-1035856440-4137329016-3276773158-501","S-1-5-21-1035856440-4137329016-3276773158-502","S-1-5-21-1035856440-4137329016-3276773158-1104","S-1-5-21-1035856440-4137329016-3276773158-1105"],"Computers":[],"ChildOus":["5EC659D9-204C-44B5-9FBA-18B0B9900353"],"Trusts":[],"Links":[{"IsEnforced":false,"Guid":"7FD36E4A-F9FA-45AB-A3E4-C8603836717F"}],"RemoteDesktopUsers":[],"LocalAdmins":[],"DcomUsers":[],"PSRemoteUsers":[],"ObjectIdentifier":"S-1-5-21-1035856440-4137329016-3276773158","Aces":[{"PrincipalSID":"MEGACORP.LOCAL-S-1-5-32-544","PrincipalType":"Group","RightName":"Owner","AceType":"","IsInherited":false},{"PrincipalSID":"MEGACORP.LOCAL-S-1-5-32-544","PrincipalType":"Group","RightName":"WriteDacl","AceType":"","IsInherited":false},{"PrincipalSID":"MEGACORP.LOCAL-S-1-5-32-544","PrincipalType":"Group","RightName":"WriteOwner","AceType":"","IsInherited":false},{"PrincipalSID":"MEGACORP.LOCAL-S-1-5-32-544","PrincipalType":"Group","RightName":"ExtendedRight","AceType":"All","IsInherited":false},{"PrincipalSID":"S-1-5-21-1035856440-4137329016-3276773158-512","PrincipalType":"Group","RightName":"WriteDacl","AceType":"","IsInherited":false},{"PrincipalSID":"S-1-5-21-1035856440-4137329016-3276773158-512","PrincipalType":"Group","RightName":"WriteOwner","AceType":"","IsInherited":false},{"PrincipalSID":"S-1-5-21-1035856440-4137329016-3276773158-512","PrincipalType":"Group","RightName":"ExtendedRight","AceType":"All","IsInherited":false},{"PrincipalSID":"S-1-5-21-1035856440-4137329016-3276773158-519","PrincipalType":"Group","RightName":"GenericAll","AceType":"","IsInherited":false},{"PrincipalSID":"S-1-5-21-1035856440-4137329016-3276773158-1104","PrincipalType":"User","RightName":"GenericAll","AceType":"","IsInherited":false},{"PrincipalSID":"MEGACORP.LOCAL-S-1-5-9","PrincipalType":"Group","RightName":"ExtendedRight","AceType":"GetChanges","IsInherited":false},{"PrincipalSID":"MEGACORP.LOCAL-S-1-5-32-544","PrincipalType":"Group","RightName":"ExtendedRight","AceType":"GetChangesAll","IsInherited":false},{"PrincipalSID":"MEGACORP.LOCAL-S-1-5-32-544","PrincipalType":"Group","RightName":"ExtendedRight","AceType":"GetChanges","IsInherited":false},{"PrincipalSID":"S-1-5-21-1035856440-4137329016-3276773158-498","PrincipalType":"Group","RightName":"ExtendedRight","AceType":"GetChanges","IsInherited":false},{"PrincipalSID":"S-1-5-21-1035856440-4137329016-3276773158-516","PrincipalType":"Group","RightName":"ExtendedRight","AceType":"GetChangesAll","IsInherited":false},{"PrincipalSID":"S-1-5-21-1035856440-4137329016-3276773158-1104","PrincipalType":"User","RightName":"ExtendedRight","AceType":"GetChanges","IsInherited":false},{"PrincipalSID":"S-1-5-21-1035856440-4137329016-3276773158-1104","PrincipalType":"User","RightName":"ExtendedRight","AceType":"GetChangesAll","IsInherited":false}]}],"meta":{"count":1,"type":"domains","version":3}}